Variable,Importance
Percent..HEALTH.INSURANCE.COVERAGE...Civilian.noninstitutionalized.population...With.health.insurance.coverage...With.public.coverage,30.68766245
Percent..COMPUTERS.AND.INTERNET.USE...Total.households...With.a.computer,22.93861624
Percent..INCOME.AND.BENEFITS..IN.2017.INFLATION.ADJUSTED.DOLLARS....With.earnings,20.64657971
Percent..COMPUTERS.AND.INTERNET.USE...Total.households...With.a.broadband.Internet.subscription,16.25848405
Percent..EDUCATIONAL.ATTAINMENT...Population.25.years.and.over...Bachelor.s.degree,14.73771704
Percent..EMPLOYMENT.STATUS...Population.16.years.and.over...In.labor.force...Civilian.labor.force...Employed,14.36140138
Percent..EDUCATIONAL.ATTAINMENT...Percent.bachelor.s.degree.or.higher,13.73985889
Percent..DISABILITY.STATUS.OF.THE.CIVILIAN.NONINSTITUTIONALIZED.POPULATION...Total.Civilian.Noninstitutionalized.Population...With.a.disability,13.22914838
Percent..SEX.AND.AGE...85.years.and.over,12.38463282
Percent..YEAR.HOUSEHOLDER.MOVED.INTO.UNIT...Occupied.housing.units...Moved.in.1979.and.earlier,12.30413533
Percent..SEX.AND.AGE...62.years.and.over,11.30507082
Percent..SEX.AND.AGE...75.to.84.years,10.3388859
Percent..PLACE.OF.BIRTH...Total.population...Native...Born.in.United.States...State.of.residence,9.87335441
Percent..HEALTH.INSURANCE.COVERAGE...Civilian.noninstitutionalized.population.19.to.64.years...Not.in.labor.force....With.health.insurance.coverage...With.private.health.insurance,9.531067853
Percent..PLACE.OF.BIRTH...Total.population...Native...Born.in.United.States,9.473291236
Percent..SEX.AND.AGE...65.years.and.over,9.366749275
Percent..HEALTH.INSURANCE.COVERAGE...Civilian.noninstitutionalized.population.19.to.64.years...Not.in.labor.force....With.health.insurance.coverage...With.public.coverage,9.308669822
Percent..EMPLOYMENT.STATUS...Population.16.years.and.over...In.labor.force...Civilian.labor.force,9.223708193
Percent..RELATIONSHIP...Population.in.households...Householder,9.211124561
Percent..EMPLOYMENT.STATUS...Population.16.years.and.over...Not.in.labor.force,9.183045898
Percent..EDUCATIONAL.ATTAINMENT...Population.25.years.and.over...9th.to.12th.grade..no.diploma,8.714866492
Percent..HEALTH.INSURANCE.COVERAGE...Civilian.noninstitutionalized.population...With.health.insurance.coverage...With.private.health.insurance,8.637735831
Percent..HOUSEHOLDS.BY.TYPE...Total.households...Nonfamily.households,8.583834379
Percent..HOUSEHOLDS.BY.TYPE...Total.households...Family.households..families....Married.couple.family,8.526046975
Percent..LANGUAGE.SPOKEN.AT.HOME...Population.5.years.and.over...English.only,8.480924344
Percent..INCOME.AND.BENEFITS..IN.2017.INFLATION.ADJUSTED.DOLLARS....Families....200.000.or.more,8.421284101
Percent..EMPLOYMENT.STATUS...Population.16.years.and.over...In.labor.force,8.305567109
Percent..VEHICLES.AVAILABLE...Occupied.housing.units...2.vehicles.available,8.285404622
Percent..HISPANIC.OR.LATINO.AND.RACE...Total.population...Hispanic.or.Latino..of.any.race....Other.Hispanic.or.Latino,8.241932084
Percent..HOUSEHOLDS.BY.TYPE...Total.households...Family.households..families....With.own.children.of.the.householder.under.18.years,8.175522709
Percent..VALUE...Owner.occupied.units....50.000.to..99.999,7.973193284
Percent..GROSS.RENT...Occupied.units.paying.rent....3.000.or.more,7.65081151
Percent..INCOME.AND.BENEFITS..IN.2017.INFLATION.ADJUSTED.DOLLARS....With.Social.Security,7.381667311
Percent..HOUSEHOLDS.BY.TYPE...Total.households...Nonfamily.households...Householder.living.alone,7.303254562
Percent..MARITAL.STATUS...Females.15.years.and.over...Now.married..except.separated,7.296263079
Percent..HOUSEHOLDS.BY.TYPE...Total.households...Family.households..families.,7.290265681
Percent..SEX.AND.AGE...21.years.and.over,7.085320405
Percent..HISPANIC.OR.LATINO.AND.RACE...Total.population...Not.Hispanic.or.Latino,7.063043182
Percent..MARITAL.STATUS...Males.15.years.and.over...Widowed,6.922937933
Percent..HOUSEHOLDS.BY.TYPE...Households.with.one.or.more.people.65.years.and.over,6.868233956
Percent..YEAR.HOUSEHOLDER.MOVED.INTO.UNIT...Occupied.housing.units...Moved.in.1980.to.1989,6.72428572
Percent..PLACE.OF.BIRTH...Total.population...Native,6.693476047
Percent..LANGUAGE.SPOKEN.AT.HOME...Population.5.years.and.over...Language.other.than.English,6.573562422
Percent..EDUCATIONAL.ATTAINMENT...Percent.high.school.graduate.or.higher,6.533566011
Percent..HEALTH.INSURANCE.COVERAGE...Civilian.noninstitutionalized.population...With.health.insurance.coverage,6.483660772
Percent..EDUCATIONAL.ATTAINMENT...Population.25.years.and.over...Graduate.or.professional.degree,6.462862789
Percent..HEALTH.INSURANCE.COVERAGE...Civilian.noninstitutionalized.population.19.to.64.years...In.labor.force....Employed....With.health.insurance.coverage...With.private.health.insurance,6.410585804
Percent..EDUCATIONAL.ATTAINMENT...Population.25.years.and.over...High.school.graduate..includes.equivalency.,6.386206766
Percent..SELECTED.MONTHLY.OWNER.COSTS..SMOC....Housing.units.without.a.mortgage....1.000.or.more,6.362915719
Percent..HOUSING.TENURE...Occupied.housing.units...Owner.occupied,6.276140514
Percent..ANCESTRY...Total.population...Italian,6.222368123
Percent..PLACE.OF.BIRTH...Total.population...Foreign.born,6.165337659
Percent..SELECTED.MONTHLY.OWNER.COSTS..SMOC....Housing.units.with.a.mortgage....500.to..999,6.025888252
Percent..SEX.AND.AGE...35.to.44.years,5.962332013
Percent..SEX.AND.AGE...65.to.74.years,5.900939916
Percent..YEAR.STRUCTURE.BUILT...Total.housing.units...Built.1950.to.1959,5.882472531
Percent..LANGUAGE.SPOKEN.AT.HOME...Population.5.years.and.over...Spanish...Speak.English.less.than..very.well.,5.858430231
Percent..LANGUAGE.SPOKEN.AT.HOME...Population.5.years.and.over...Language.other.than.English...Speak.English.less.than..very.well.,5.848970922
Percent..DISABILITY.STATUS.OF.THE.CIVILIAN.NONINSTITUTIONALIZED.POPULATION...65.years.and.over...With.a.disability,5.820776363
Percent..EDUCATIONAL.ATTAINMENT...Population.25.years.and.over...Less.than.9th.grade,5.800327142
Percent..SEX.AND.AGE...10.to.14.years,5.706318558
Percent..HISPANIC.OR.LATINO.AND.RACE...Total.population...Not.Hispanic.or.Latino...Black.or.African.American.alone,5.690902595
Percent..GROSS.RENT...Occupied.units.paying.rent....500.to..999,5.670165191
Percent..SELECTED.MONTHLY.OWNER.COSTS..SMOC....Housing.units.with.a.mortgage....2.000.to..2.499,5.63637877
Percent..RACE...One.race...Black.or.African.American,5.593661842
Percent..SEX.AND.AGE...25.to.34.years,5.51113578
Percent..BEDROOMS...Total.housing.units...2.bedrooms,5.450593971
Percent..PLACE.OF.BIRTH...Total.population...Native...Born.in.United.States...Different.state,5.386783464
Percent..ANCESTRY...Total.population...Russian,5.308265832
Percent..SEX.AND.AGE...60.to.64.years,5.282969435
Percent..UNITS.IN.STRUCTURE...Total.housing.units...1.unit..detached,5.25801263
Percent..ANCESTRY...Total.population...English,5.231689115
Percent..INCOME.AND.BENEFITS..IN.2017.INFLATION.ADJUSTED.DOLLARS....Total.households....50.000.to..74.999,5.042318129
Percent..HOUSEHOLDS.BY.TYPE...Households.with.one.or.more.people.under.18.years,5.02691315
Percent..GROSS.RENT...Occupied.units.paying.rent....1.500.to..1.999,5.024802182
Percent..HOUSEHOLDS.BY.TYPE...Total.households...Nonfamily.households...Householder.living.alone...65.years.and.over,4.97507571
Percent..SEX.AND.AGE...16.years.and.over,4.941978795
Percent..HEALTH.INSURANCE.COVERAGE...Civilian.noninstitutionalized.population.19.to.64.years...Not.in.labor.force....With.health.insurance.coverage,4.913881692
Percent..YEAR.STRUCTURE.BUILT...Total.housing.units...Built.1940.to.1949,4.900159876
Percent..RACE...Race.alone.or.in.combination.with.one.or.more.other.races...Total.population...Black.or.African.American,4.885816887
Percent..INCOME.AND.BENEFITS..IN.2017.INFLATION.ADJUSTED.DOLLARS....Total.households....35.000.to..49.999,4.877733657
Percent..VALUE...Owner.occupied.units....500.000.to..999.999,4.875009798
Percent..INCOME.AND.BENEFITS..IN.2017.INFLATION.ADJUSTED.DOLLARS....Families....15.000.to..24.999,4.847997051
Percent..SEX.AND.AGE...Under.18.years,4.794039139
Percent..VETERAN.STATUS...Civilian.population.18.years.and.over...Civilian.veterans,4.708251958
Percent..LANGUAGE.SPOKEN.AT.HOME...Population.5.years.and.over...Spanish,4.702792811
Percent..INCOME.AND.BENEFITS..IN.2017.INFLATION.ADJUSTED.DOLLARS....With.retirement.income,4.691862365
Percent..RESIDENCE.1.YEAR.AGO...Population.1.year.and.over...Same.house,4.680617488
Percent..YEAR.HOUSEHOLDER.MOVED.INTO.UNIT...Occupied.housing.units...Moved.in.2010.to.2014,4.664941623
Percent..EMPLOYMENT.STATUS...Females.16.years.and.over...In.labor.force,4.65621224
Percent..SELECTED.MONTHLY.OWNER.COSTS..SMOC....Housing.units.with.a.mortgage....1.000.to..1.499,4.631051984
Percent..MARITAL.STATUS...Males.15.years.and.over...Never.married,4.565818265
Percent..OCCUPATION...Civilian.employed.population.16.years.and.over...Sales.and.office.occupations,4.55115094
Percent..VEHICLES.AVAILABLE...Occupied.housing.units...No.vehicles.available,4.543892322
Percent..PERCENTAGE.OF.FAMILIES.AND.PEOPLE.WHOSE.INCOME.IN.THE.PAST.12.MONTHS.IS.BELOW.THE.POVERTY.LEVEL...All.people...18.years.and.over...18.to.64.years,4.530154744
Percent..MORTGAGE.STATUS...Owner.occupied.units...Housing.units.with.a.mortgage,4.503613717
Percent..HISPANIC.OR.LATINO.AND.RACE...Total.population...Hispanic.or.Latino..of.any.race.,4.492332281
Percent..MORTGAGE.STATUS...Owner.occupied.units...Housing.units.without.a.mortgage,4.399575316
Percent..SEX.AND.AGE...65.years.and.over...Female,4.390787976
Percent..COMMUTING.TO.WORK...Workers.16.years.and.over...Public.transportation..excluding.taxicab.,4.330453562
Percent..OCCUPATION...Civilian.employed.population.16.years.and.over...Management..business..science..and.arts.occupations,4.307703824
Percent..HISPANIC.OR.LATINO.AND.RACE...Total.population...Hispanic.or.Latino..of.any.race....Cuban,4.297280883
Percent..INDUSTRY...Civilian.employed.population.16.years.and.over...Wholesale.trade,4.295911687
Percent..RACE...One.race...White,4.274656718
Percent..SELECTED.MONTHLY.OWNER.COSTS..SMOC....Housing.units.without.a.mortgage....800.to..999,4.248091701
Percent..ROOMS...Total.housing.units...4.rooms,4.244891416
Percent..VALUE...Owner.occupied.units....1.000.000.or.more,4.21910779
Percent..GROSS.RENT...Occupied.units.paying.rent....2.000.to..2.499,4.194130267
Percent..PERCENTAGE.OF.FAMILIES.AND.PEOPLE.WHOSE.INCOME.IN.THE.PAST.12.MONTHS.IS.BELOW.THE.POVERTY.LEVEL...All.people...Under.18.years...Related.children.of.the.householder.under.18.years...Related.children.of.the.householder.5.to.17.years,4.186284355
Percent..HISPANIC.OR.LATINO.AND.RACE...Total.population...Not.Hispanic.or.Latino...White.alone,4.142074674
Percent..RELATIONSHIP...Population.in.households...Other.relatives,4.140294387
Percent..MARITAL.STATUS...Males.15.years.and.over...Now.married..except.separated,4.121036978
Percent..INCOME.AND.BENEFITS..IN.2017.INFLATION.ADJUSTED.DOLLARS....Total.households....200.000.or.more,4.111404772
Percent..SELECTED.MONTHLY.OWNER.COSTS..SMOC....Housing.units.with.a.mortgage....3.000.or.more,4.10464013
Percent..YEAR.STRUCTURE.BUILT...Total.housing.units...Built.1970.to.1979,4.085113376
Percent..RACE...One.race...Asian...Asian.Indian,4.037511565
Percent..ANCESTRY...Total.population...Welsh,4.037186095
Percent..SEX.AND.AGE...Under.5.years,3.996325814
Percent..OCCUPATION...Civilian.employed.population.16.years.and.over...Natural.resources..construction..and.maintenance.occupations,3.978813082
Percent..GRANDPARENTS...Number.of.grandparents.living.with.own.grandchildren.under.18.years,3.961121518
Percent..HOUSE.HEATING.FUEL...Occupied.housing.units...Wood,3.949891414
Percent..EMPLOYMENT.STATUS...Females.16.years.and.over...In.labor.force...Civilian.labor.force,3.933834283
Percent..RACE...Race.alone.or.in.combination.with.one.or.more.other.races...Total.population...White,3.911670966
Percent..ANCESTRY...Total.population...American,3.890057191
Percent..INDUSTRY...Civilian.employed.population.16.years.and.over...Educational.services..and.health.care.and.social.assistance,3.862755637
Percent..VALUE...Owner.occupied.units....100.000.to..149.999,3.806460058
Percent..MARITAL.STATUS...Females.15.years.and.over...Separated,3.789766432
Percent..YEAR.STRUCTURE.BUILT...Total.housing.units...Built.2014.or.later,3.784661156
Percent..OCCUPANTS.PER.ROOM...Occupied.housing.units...1.51.or.more,3.774078534
Percent..ANCESTRY...Total.population...German,3.76297071
Percent..YEAR.STRUCTURE.BUILT...Total.housing.units...Built.1960.to.1969,3.700404117
Percent..COMMUTING.TO.WORK...Workers.16.years.and.over...Other.means,3.661977528
Percent..HEALTH.INSURANCE.COVERAGE...Civilian.noninstitutionalized.population.19.to.64.years...In.labor.force....Employed....With.health.insurance.coverage,3.621995452
Percent..HOUSEHOLDS.BY.TYPE...Total.households...Family.households..families....Married.couple.family...With.own.children.of.the.householder.under.18.years,3.595251182
Percent..RACE...Race.alone.or.in.combination.with.one.or.more.other.races...Total.population...Asian,3.571587958
Percent..YEAR.HOUSEHOLDER.MOVED.INTO.UNIT...Occupied.housing.units...Moved.in.2000.to.2009,3.554447118
Percent..HISPANIC.OR.LATINO.AND.RACE...Total.population...Not.Hispanic.or.Latino...Two.or.more.races,3.543587834
Percent..HOUSING.OCCUPANCY...Total.housing.units...Vacant.housing.units,3.520253498
Percent..UNITS.IN.STRUCTURE...Total.housing.units...20.or.more.units,3.519367777
Percent..HOUSING.TENURE...Occupied.housing.units...Renter.occupied,3.48561554
Percent..SEX.AND.AGE...18.years.and.over,3.474609677
Percent..MARITAL.STATUS...Females.15.years.and.over...Widowed,3.457399414
Percent..EDUCATIONAL.ATTAINMENT...Population.25.years.and.over...Associate.s.degree,3.439285567
Percent..VEHICLES.AVAILABLE...Occupied.housing.units...1.vehicle.available,3.432854114
Percent..ANCESTRY...Total.population...Irish,3.410294745
Percent..INCOME.AND.BENEFITS..IN.2017.INFLATION.ADJUSTED.DOLLARS....With.Supplemental.Security.Income,3.386687836
Percent..ANCESTRY...Total.population...Subsaharan.African,3.355059484
Percent..SEX.AND.AGE...20.to.24.years,3.352366202
Percent..SELECTED.MONTHLY.OWNER.COSTS..SMOC....Housing.units.without.a.mortgage....250.to..399,3.349529678
Percent..RELATIONSHIP...Population.in.households...Spouse,3.34237503
Percent..ANCESTRY...Total.population...Arab,3.321443397
Percent..SELECTED.MONTHLY.OWNER.COSTS..SMOC....Housing.units.without.a.mortgage...Less.than..250,3.309453869
Percent..INDUSTRY...Civilian.employed.population.16.years.and.over...Agriculture..forestry..fishing.and.hunting..and.mining,3.267265471
Percent..SELECTED.MONTHLY.OWNER.COSTS..SMOC....Housing.units.with.a.mortgage....2.500.to..2.999,3.264408964
Percent..RACE...One.race...Asian,3.253226471
Percent..INCOME.AND.BENEFITS..IN.2017.INFLATION.ADJUSTED.DOLLARS....Families....50.000.to..74.999,3.229578602
Percent..OCCUPANTS.PER.ROOM...Occupied.housing.units...1.01.to.1.50,3.211409583
Percent..INCOME.AND.BENEFITS..IN.2017.INFLATION.ADJUSTED.DOLLARS....Families....150.000.to..199.999,3.194158756
Percent..RELATIONSHIP...Population.in.households...Child,3.187390952
Percent..SELECTED.MONTHLY.OWNER.COSTS..SMOC....Housing.units.with.a.mortgage...Less.than..500,3.184393225
Percent..SCHOOL.ENROLLMENT...Population.3.years.and.over.enrolled.in.school...High.school..grades.9.12.,3.173156343
Percent..SCHOOL.ENROLLMENT...Population.3.years.and.over.enrolled.in.school...Elementary.school..grades.1.8.,3.149549835
Percent..CLASS.OF.WORKER...Civilian.employed.population.16.years.and.over...Private.wage.and.salary.workers,3.144534821
Percent..UNITS.IN.STRUCTURE...Total.housing.units...Mobile.home,3.139434255
Percent..RACE...One.race,3.122040743
Percent..VALUE...Owner.occupied.units....200.000.to..299.999,3.061610748
Percent..INCOME.AND.BENEFITS..IN.2017.INFLATION.ADJUSTED.DOLLARS....Families....100.000.to..149.999,3.047280093
Percent..PERCENTAGE.OF.FAMILIES.AND.PEOPLE.WHOSE.INCOME.IN.THE.PAST.12.MONTHS.IS.BELOW.THE.POVERTY.LEVEL...All.people,3.045362844
Percent..ROOMS...Total.housing.units...5.rooms,3.037584536
Percent..MARITAL.STATUS...Males.15.years.and.over...Separated,3.033905736
Percent..INCOME.AND.BENEFITS..IN.2017.INFLATION.ADJUSTED.DOLLARS....Total.households....150.000.to..199.999,3.012159501
Percent..ANCESTRY...Total.population...West.Indian..excluding.Hispanic.origin.groups.,2.996723878
Percent..INCOME.AND.BENEFITS..IN.2017.INFLATION.ADJUSTED.DOLLARS....Total.households....10.000.to..14.999,2.989844665
Percent..INCOME.AND.BENEFITS..IN.2017.INFLATION.ADJUSTED.DOLLARS....Families...Less.than..10.000,2.955062919
Percent..HISPANIC.OR.LATINO.AND.RACE...Total.population...Not.Hispanic.or.Latino...Asian.alone,2.952441538
Percent..SELECTED.MONTHLY.OWNER.COSTS.AS.A.PERCENTAGE.OF.HOUSEHOLD.INCOME..SMOCAPI....Housing.unit.without.a.mortgage..excluding.units.where.SMOCAPI.cannot.be.computed....Less.than.10.0.percent,2.952427828
Percent..EMPLOYMENT.STATUS...Own.children.of.the.householder.under.6.years,2.940504124
Percent..PERCENTAGE.OF.FAMILIES.AND.PEOPLE.WHOSE.INCOME.IN.THE.PAST.12.MONTHS.IS.BELOW.THE.POVERTY.LEVEL...All.people...18.years.and.over...65.years.and.over,2.924417121
Percent..HOUSING.OCCUPANCY...Total.housing.units...Occupied.housing.units,2.887051019
Percent..PERCENTAGE.OF.FAMILIES.AND.PEOPLE.WHOSE.INCOME.IN.THE.PAST.12.MONTHS.IS.BELOW.THE.POVERTY.LEVEL...All.people...Under.18.years...Related.children.of.the.householder.under.18.years...Related.children.of.the.householder.under.5.years,2.886558752
Percent..MARITAL.STATUS...Females.15.years.and.over...Never.married,2.883781734
Percent..PERCENTAGE.OF.FAMILIES.AND.PEOPLE.WHOSE.INCOME.IN.THE.PAST.12.MONTHS.IS.BELOW.THE.POVERTY.LEVEL...Families.with.female.householder..no.husband.present...With.related.children.of.the.householder.under.18.years,2.874516405
Percent..DISABILITY.STATUS.OF.THE.CIVILIAN.NONINSTITUTIONALIZED.POPULATION...18.to.64.years...With.a.disability,2.872306504
Percent..RACE...Two.or.more.races...White.and.Asian,2.863681403
Percent..ANCESTRY...Total.population...Hungarian,2.858161506
Percent..RACE...One.race...Asian...Vietnamese,2.856974939
Percent..SEX.AND.AGE...5.to.9.years,2.827971422
Percent..PERCENTAGE.OF.FAMILIES.AND.PEOPLE.WHOSE.INCOME.IN.THE.PAST.12.MONTHS.IS.BELOW.THE.POVERTY.LEVEL...All.people...Under.18.years...Related.children.of.the.householder.under.18.years,2.80823153
Percent..SEX.AND.AGE...55.to.59.years,2.804412883
Percent..RESIDENCE.1.YEAR.AGO...Population.1.year.and.over...Different.house.in.the.U.S....Different.county...Different.state,2.803892261
Percent..INCOME.AND.BENEFITS..IN.2017.INFLATION.ADJUSTED.DOLLARS....Total.households....75.000.to..99.999,2.799381255
Percent..OCCUPATION...Civilian.employed.population.16.years.and.over...Service.occupations,2.795966971
Percent..BEDROOMS...Total.housing.units...3.bedrooms,2.778477687
Percent..RESIDENCE.1.YEAR.AGO...Population.1.year.and.over...Abroad,2.777854363
Percent..LANGUAGE.SPOKEN.AT.HOME...Population.5.years.and.over...Other.languages,2.758150359
Percent..YEAR.STRUCTURE.BUILT...Total.housing.units...Built.1980.to.1989,2.731104508
Percent..ANCESTRY...Total.population...Polish,2.71171495
Percent..SCHOOL.ENROLLMENT...Population.3.years.and.over.enrolled.in.school...College.or.graduate.school,2.671704617
Percent..INCOME.AND.BENEFITS..IN.2017.INFLATION.ADJUSTED.DOLLARS....With.Food.Stamp.SNAP.benefits.in.the.past.12.months,2.667859188
Percent..RESIDENCE.1.YEAR.AGO...Population.1.year.and.over...Different.house.in.the.U.S....Different.county,2.661303067
Percent..INCOME.AND.BENEFITS..IN.2017.INFLATION.ADJUSTED.DOLLARS....Total.households....25.000.to..34.999,2.655162743
Percent..INDUSTRY...Civilian.employed.population.16.years.and.over...Public.administration,2.652591929
Percent..RACE...Two.or.more.races,2.649083525
Percent..INCOME.AND.BENEFITS..IN.2017.INFLATION.ADJUSTED.DOLLARS....Families....35.000.to..49.999,2.645041933
Percent..SEX.AND.AGE...65.years.and.over...Male,2.619503154
Percent..HOUSE.HEATING.FUEL...Occupied.housing.units...Bottled..tank..or.LP.gas,2.614451066
Percent..SEX.AND.AGE...15.to.19.years,2.611913438
Percent..RESIDENCE.1.YEAR.AGO...Population.1.year.and.over...Different.house.in.the.U.S....Same.county,2.597857837
Percent..ROOMS...Total.housing.units...8.rooms,2.58201204
Percent..PERCENTAGE.OF.FAMILIES.AND.PEOPLE.WHOSE.INCOME.IN.THE.PAST.12.MONTHS.IS.BELOW.THE.POVERTY.LEVEL...People.in.families,2.581895306
Percent..WORLD.REGION.OF.BIRTH.OF.FOREIGN.BORN...Foreign.born.population..excluding.population.born.at.sea...Latin.America,2.581512341
Percent..PERCENTAGE.OF.FAMILIES.AND.PEOPLE.WHOSE.INCOME.IN.THE.PAST.12.MONTHS.IS.BELOW.THE.POVERTY.LEVEL...All.people...Under.18.years,2.560382073
Percent..PERCENTAGE.OF.FAMILIES.AND.PEOPLE.WHOSE.INCOME.IN.THE.PAST.12.MONTHS.IS.BELOW.THE.POVERTY.LEVEL...Married.couple.families...With.related.children.of.the.householder.under.18.years,2.559060926
Percent..EMPLOYMENT.STATUS...Population.16.years.and.over...In.labor.force...Armed.Forces,2.539280564
Percent..PERCENTAGE.OF.FAMILIES.AND.PEOPLE.WHOSE.INCOME.IN.THE.PAST.12.MONTHS.IS.BELOW.THE.POVERTY.LEVEL...Families.with.female.householder..no.husband.present,2.511857831
Percent..INCOME.AND.BENEFITS..IN.2017.INFLATION.ADJUSTED.DOLLARS....With.cash.public.assistance.income,2.497770045
Percent..PERCENTAGE.OF.FAMILIES.AND.PEOPLE.WHOSE.INCOME.IN.THE.PAST.12.MONTHS.IS.BELOW.THE.POVERTY.LEVEL...Unrelated.individuals.15.years.and.over,2.496551296
Percent..LANGUAGE.SPOKEN.AT.HOME...Population.5.years.and.over...Other.Indo.European.languages...Speak.English.less.than..very.well.,2.495006082
Percent..RACE...Total.population...Two.or.more.races,2.489921181
Percent..HISPANIC.OR.LATINO.AND.RACE...Total.population...Hispanic.or.Latino..of.any.race....Puerto.Rican,2.482251573
Percent..ROOMS...Total.housing.units...3.rooms,2.427061669
Percent..EMPLOYMENT.STATUS...Females.16.years.and.over...In.labor.force...Civilian.labor.force...Employed,2.427011982
Percent..EMPLOYMENT.STATUS...Own.children.of.the.householder.under.6.years...All.parents.in.family.in.labor.force,2.418762256
Percent..YEAR.STRUCTURE.BUILT...Total.housing.units...Built.1939.or.earlier,2.407249057
Percent..HOUSEHOLDS.BY.TYPE...Total.households...Family.households..families....Female.householder..no.husband.present..family...With.own.children.of.the.householder.under.18.years,2.389796192
Percent..HEALTH.INSURANCE.COVERAGE...Civilian.noninstitutionalized.population.19.to.64.years...In.labor.force....Employed....With.health.insurance.coverage...With.public.coverage,2.381770815
Percent..SELECTED.MONTHLY.OWNER.COSTS.AS.A.PERCENTAGE.OF.HOUSEHOLD.INCOME..SMOCAPI....Housing.units.with.a.mortgage..excluding.units.where.SMOCAPI.cannot.be.computed....35.0.percent.or.more,2.363773177
Percent..OCCUPATION...Civilian.employed.population.16.years.and.over...Production..transportation..and.material.moving.occupations,2.35356578
Percent..PERCENTAGE.OF.FAMILIES.AND.PEOPLE.WHOSE.INCOME.IN.THE.PAST.12.MONTHS.IS.BELOW.THE.POVERTY.LEVEL...Married.couple.families,2.287779286
Percent..HISPANIC.OR.LATINO.AND.RACE...Total.population...Not.Hispanic.or.Latino...Some.other.race.alone,2.283190175
Percent..SELECTED.MONTHLY.OWNER.COSTS..SMOC....Housing.units.without.a.mortgage....600.to..799,2.266253603
Percent..GROSS.RENT...Occupied.units.paying.rent....2.500.to..2.999,2.24240756
Percent..PLACE.OF.BIRTH...Total.population...Native...Born.in.Puerto.Rico..U.S..Island.areas..or.born.abroad.to.American.parent.s.,2.238205822
Percent..ANCESTRY...Total.population...Swedish,2.191891645
Percent..RACE...Race.alone.or.in.combination.with.one.or.more.other.races...Total.population...Some.other.race,2.16755636
Percent..LANGUAGE.SPOKEN.AT.HOME...Population.5.years.and.over...Asian.and.Pacific.Islander.languages,2.160124405
Percent..LANGUAGE.SPOKEN.AT.HOME...Population.5.years.and.over...Asian.and.Pacific.Islander.languages...Speak.English.less.than..very.well.,2.154461011
Percent..PERCENTAGE.OF.FAMILIES.AND.PEOPLE.WHOSE.INCOME.IN.THE.PAST.12.MONTHS.IS.BELOW.THE.POVERTY.LEVEL...All.people...18.years.and.over,2.137606345
Percent..INCOME.AND.BENEFITS..IN.2017.INFLATION.ADJUSTED.DOLLARS....Total.households....100.000.to..149.999,2.134843784
Percent..SEX.AND.AGE...18.years.and.over...Male,2.127908525
Percent..SEX.AND.AGE...Total.population...Male,2.113879761
Percent..RELATIONSHIP...Population.in.households...Nonrelatives,2.111946689
Percent..SEX.AND.AGE...Total.population...Female,2.110699644
Percent..VALUE...Owner.occupied.units...Less.than..50.000,2.109293666
Percent..PERCENTAGE.OF.FAMILIES.AND.PEOPLE.WHOSE.INCOME.IN.THE.PAST.12.MONTHS.IS.BELOW.THE.POVERTY.LEVEL...All.families...With.related.children.of.the.householder.under.18.years,2.105794254
Percent..HOUSEHOLDS.BY.TYPE...Total.households...Family.households..families....Male.householder..no.wife.present..family,2.087443649
Percent..HEALTH.INSURANCE.COVERAGE...Civilian.noninstitutionalized.population.19.to.64.years...In.labor.force....Unemployed....With.health.insurance.coverage,2.07019258
Percent..PERCENTAGE.OF.FAMILIES.AND.PEOPLE.WHOSE.INCOME.IN.THE.PAST.12.MONTHS.IS.BELOW.THE.POVERTY.LEVEL...All.families,2.06882059
Percent..YEAR.STRUCTURE.BUILT...Total.housing.units...Built.1990.to.1999,2.050549536
Percent..LANGUAGE.SPOKEN.AT.HOME...Population.5.years.and.over...Other.Indo.European.languages,2.02927222
Percent..HEALTH.INSURANCE.COVERAGE...Civilian.noninstitutionalized.population.under.19.years...No.health.insurance.coverage,2.020660031
Percent..ROOMS...Total.housing.units...9.rooms.or.more,1.968771747
Percent..INCOME.AND.BENEFITS..IN.2017.INFLATION.ADJUSTED.DOLLARS....Total.households....15.000.to..24.999,1.953461647
Percent..RACE...One.race...Some.other.race,1.944676299
Percent..COMMUTING.TO.WORK...Workers.16.years.and.over...Walked,1.889427979
Percent..RACE...Two.or.more.races...White.and.Black.or.African.American,1.873046678
Percent..COMMUTING.TO.WORK...Workers.16.years.and.over...Car..truck..or.van....drove.alone,1.864614059
Percent..ANCESTRY...Total.population...Scottish,1.856745862
Percent..ANCESTRY...Total.population...Danish,1.844464812
Percent..EMPLOYMENT.STATUS...Own.children.of.the.householder.6.to.17.years...All.parents.in.family.in.labor.force,1.83983495
Percent..HEALTH.INSURANCE.COVERAGE...Civilian.noninstitutionalized.population.19.to.64.years...In.labor.force....Employed....No.health.insurance.coverage,1.838831882
Percent..GRANDPARENTS...Number.of.grandparents.living.with.own.grandchildren.under.18.years...Years.responsible.for.grandchildren...3.or.4.years,1.813551861
Percent..HOUSE.HEATING.FUEL...Occupied.housing.units...Coal.or.coke,1.786967619
Percent..OCCUPANTS.PER.ROOM...Occupied.housing.units...1.00.or.less,1.746560216
Percent..HEALTH.INSURANCE.COVERAGE...Civilian.noninstitutionalized.population...No.health.insurance.coverage,1.715484919
Percent..SEX.AND.AGE...18.years.and.over...Female,1.715383261
Percent..GRANDPARENTS...Number.of.grandparents.living.with.own.grandchildren.under.18.years...Years.responsible.for.grandchildren...1.or.2.years,1.708825921
Percent..ANCESTRY...Total.population...Scotch.Irish,1.694370245
Percent..YEAR.OF.ENTRY...Native...Entered.before.2010,1.692846938
Percent..HOUSEHOLDS.BY.TYPE...Total.households...Family.households..families....Male.householder..no.wife.present..family...With.own.children.of.the.householder.under.18.years,1.655067192
Percent..HOUSE.HEATING.FUEL...Occupied.housing.units...No.fuel.used,1.608629008
Percent..GROSS.RENT.AS.A.PERCENTAGE.OF.HOUSEHOLD.INCOME..GRAPI....Occupied.units.paying.rent..excluding.units.where.GRAPI.cannot.be.computed....35.0.percent.or.more,1.59521055
Percent..SELECTED.MONTHLY.OWNER.COSTS.AS.A.PERCENTAGE.OF.HOUSEHOLD.INCOME..SMOCAPI....Housing.units.with.a.mortgage..excluding.units.where.SMOCAPI.cannot.be.computed....20.0.to.24.9.percent,1.566840985
Percent..SELECTED.CHARACTERISTICS...Occupied.housing.units...No.telephone.service.available,1.559365072
Percent..INCOME.AND.BENEFITS..IN.2017.INFLATION.ADJUSTED.DOLLARS....Total.households...Less.than..10.000,1.551170908
Percent..RACE...One.race...Asian...Other.Asian,1.547915352
Percent..BEDROOMS...Total.housing.units...No.bedroom,1.541821697
Percent..DISABILITY.STATUS.OF.THE.CIVILIAN.NONINSTITUTIONALIZED.POPULATION...Under.18.years...With.a.disability,1.538015052
Percent..EMPLOYMENT.STATUS...Population.16.years.and.over...In.labor.force...Civilian.labor.force...Unemployed,1.53283367
Percent..INDUSTRY...Civilian.employed.population.16.years.and.over...Professional..scientific..and.management..and.administrative.and.waste.management.services,1.517371377
Percent..YEAR.STRUCTURE.BUILT...Total.housing.units...Built.2000.to.2009,1.496448803
Percent..ANCESTRY...Total.population...French..except.Basque.,1.496431322
Percent..RESIDENCE.1.YEAR.AGO...Population.1.year.and.over...Different.house.in.the.U.S.,1.496094457
Percent..SELECTED.MONTHLY.OWNER.COSTS.AS.A.PERCENTAGE.OF.HOUSEHOLD.INCOME..SMOCAPI....Housing.units.with.a.mortgage..excluding.units.where.SMOCAPI.cannot.be.computed....30.0.to.34.9.percent,1.494283154
Percent..HEALTH.INSURANCE.COVERAGE...Civilian.noninstitutionalized.population.19.to.64.years...In.labor.force....Unemployed....No.health.insurance.coverage,1.480668569
Percent..FERTILITY...Number.of.women.15.to.50.years.old.who.had.a.birth.in.the.past.12.months,1.42755779
Percent..GRANDPARENTS...Number.of.grandparents.responsible.for.own.grandchildren.under.18.years,1.42660264
Percent..MARITAL.STATUS...Males.15.years.and.over...Divorced,1.414260862
Percent..SCHOOL.ENROLLMENT...Population.3.years.and.over.enrolled.in.school...Kindergarten,1.409593876
Percent..YEAR.OF.ENTRY...Foreign.born...Entered.2010.or.later,1.406730739
Percent..UNITS.IN.STRUCTURE...Total.housing.units...10.to.19.units,1.388738294
Percent..INCOME.AND.BENEFITS..IN.2017.INFLATION.ADJUSTED.DOLLARS....Families....10.000.to..14.999,1.366698101
Percent..RACE...Race.alone.or.in.combination.with.one.or.more.other.races...Total.population...American.Indian.and.Alaska.Native,1.354700088
Percent..CLASS.OF.WORKER...Civilian.employed.population.16.years.and.over...Unpaid.family.workers,1.348225429
Percent..SELECTED.MONTHLY.OWNER.COSTS..SMOC....Housing.units.without.a.mortgage....400.to..599,1.344002419
Percent..UNITS.IN.STRUCTURE...Total.housing.units...2.units,1.331756084
Percent..EMPLOYMENT.STATUS...Civilian.labor.force...Unemployment.Rate,1.329643611
Percent..SELECTED.MONTHLY.OWNER.COSTS..SMOC....Housing.units.with.a.mortgage....1.500.to..1.999,1.327829447
Percent..FERTILITY...Number.of.women.15.to.50.years.old.who.had.a.birth.in.the.past.12.months...Unmarried.women..widowed..divorced..and.never.married.,1.326636227
Percent..INCOME.AND.BENEFITS..IN.2017.INFLATION.ADJUSTED.DOLLARS....Families....25.000.to..34.999,1.315702376
Percent..EDUCATIONAL.ATTAINMENT...Population.25.years.and.over...Some.college..no.degree,1.309013513
Percent..UNITS.IN.STRUCTURE...Total.housing.units...3.or.4.units,1.29726805
Percent..GROSS.RENT...Occupied.units.paying.rent....1.000.to..1.499,1.263203814
Percent..CITIZEN..VOTING.AGE.POPULATION...Citizen..18.and.over.population...Male,1.257797109
Percent..INDUSTRY...Civilian.employed.population.16.years.and.over...Construction,1.247797051
Percent..YEAR.OF.ENTRY...Foreign.born...Entered.before.2010,1.244932462
Percent..GRANDPARENTS...Number.of.grandparents.living.with.own.grandchildren.under.18.years...Years.responsible.for.grandchildren...Less.than.1.year,1.239555147
Percent..INDUSTRY...Civilian.employed.population.16.years.and.over...Information,1.214900937
Percent..RESIDENCE.1.YEAR.AGO...Population.1.year.and.over...Different.house.in.the.U.S....Different.county...Same.state,1.201443798
Percent..ANCESTRY...Total.population...Portuguese,1.197657674
Percent..ROOMS...Total.housing.units...1.room,1.172609671
Percent..HEALTH.INSURANCE.COVERAGE...Civilian.noninstitutionalized.population.19.to.64.years...Not.in.labor.force....No.health.insurance.coverage,1.15382676
Percent..MARITAL.STATUS...Females.15.years.and.over...Divorced,1.147628482
Percent..INDUSTRY...Civilian.employed.population.16.years.and.over...Arts..entertainment..and.recreation..and.accommodation.and.food.services,1.146837862
Percent..UNITS.IN.STRUCTURE...Total.housing.units...1.unit..attached,1.138309308
Percent..BEDROOMS...Total.housing.units...5.or.more.bedrooms,1.103760638
Percent..RACE...Total.population...One.race,1.093677883
Percent..SELECTED.MONTHLY.OWNER.COSTS.AS.A.PERCENTAGE.OF.HOUSEHOLD.INCOME..SMOCAPI....Housing.units.with.a.mortgage..excluding.units.where.SMOCAPI.cannot.be.computed....Less.than.20.0.percent,1.092411298
Percent..VALUE...Owner.occupied.units....300.000.to..499.999,1.075190703
Percent..SELECTED.CHARACTERISTICS...Occupied.housing.units...Lacking.complete.plumbing.facilities,1.056344392
Percent..HOUSE.HEATING.FUEL...Occupied.housing.units...Electricity,1.053532464
Percent..HISPANIC.OR.LATINO.AND.RACE...Total.population...Not.Hispanic.or.Latino...Two.or.more.races...Two.races.including.Some.other.race,1.02894775
Percent..GRANDPARENTS...Number.of.grandparents.living.with.own.grandchildren.under.18.years...Years.responsible.for.grandchildren...5.or.more.years,1.01264695
Percent..RACE...One.race...Asian...Filipino,1.007781034
Percent..SELECTED.MONTHLY.OWNER.COSTS.AS.A.PERCENTAGE.OF.HOUSEHOLD.INCOME..SMOCAPI....Housing.unit.without.a.mortgage..excluding.units.where.SMOCAPI.cannot.be.computed....15.0.to.19.9.percent,0.98548551
Percent..SCHOOL.ENROLLMENT...Population.3.years.and.over.enrolled.in.school...Nursery.school..preschool,0.916032511
Percent..ANCESTRY...Total.population...Slovak,0.897433712
Percent..INDUSTRY...Civilian.employed.population.16.years.and.over...Manufacturing,0.893480487
Percent..VEHICLES.AVAILABLE...Occupied.housing.units...3.or.more.vehicles.available,0.873416706
Percent..RACE...One.race...Native.Hawaiian.and.Other.Pacific.Islander,0.816667955
Percent..HISPANIC.OR.LATINO.AND.RACE...Total.population...Not.Hispanic.or.Latino...Two.or.more.races...Two.races.excluding.Some.other.race..and.Three.or.more.races,0.807874693
Percent..ROOMS...Total.housing.units...7.rooms,0.798170599
Percent..U.S..CITIZENSHIP.STATUS...Foreign.born.population...Not.a.U.S..citizen,0.786406717
Percent..WORLD.REGION.OF.BIRTH.OF.FOREIGN.BORN...Foreign.born.population..excluding.population.born.at.sea...Europe,0.767017696
Percent..RACE...One.race...Asian...Korean,0.765853305
Percent..VALUE...Owner.occupied.units....150.000.to..199.999,0.730053852
Percent..GRANDPARENTS...Number.of.grandparents.living.with.own.grandchildren.under.18.years...Grandparents.responsible.for.grandchildren,0.72737108
Percent..SEX.AND.AGE...45.to.54.years,0.723789127
Percent..HISPANIC.OR.LATINO.AND.RACE...Total.population...Hispanic.or.Latino..of.any.race....Mexican,0.723423862
Percent..INCOME.AND.BENEFITS..IN.2017.INFLATION.ADJUSTED.DOLLARS....Families....75.000.to..99.999,0.703957935
Percent..SELECTED.MONTHLY.OWNER.COSTS.AS.A.PERCENTAGE.OF.HOUSEHOLD.INCOME..SMOCAPI....Housing.unit.without.a.mortgage..excluding.units.where.SMOCAPI.cannot.be.computed....35.0.percent.or.more,0.690579704
Percent..RACE...One.race...Native.Hawaiian.and.Other.Pacific.Islander...Native.Hawaiian,0.672279014
Percent..HEALTH.INSURANCE.COVERAGE...Civilian.noninstitutionalized.population.19.to.64.years...In.labor.force....Unemployed....With.health.insurance.coverage...With.private.health.insurance,0.596562277
Percent..WORLD.REGION.OF.BIRTH.OF.FOREIGN.BORN...Foreign.born.population..excluding.population.born.at.sea...Africa,0.595460796
Percent..BEDROOMS...Total.housing.units...1.bedroom,0.585560568
Percent..HOUSE.HEATING.FUEL...Occupied.housing.units...Other.fuel,0.544908107
Percent..RELATIONSHIP...Population.in.households...Nonrelatives...Unmarried.partner,0.535392876
Percent..RACE...One.race...American.Indian.and.Alaska.Native...Navajo.tribal.grouping,0.51420268
Percent..RACE...One.race...American.Indian.and.Alaska.Native...Chippewa.tribal.grouping,0.499940482
Percent..HOUSE.HEATING.FUEL...Occupied.housing.units...Fuel.oil..kerosene..etc.,0.474678818
Percent..WORLD.REGION.OF.BIRTH.OF.FOREIGN.BORN...Foreign.born.population..excluding.population.born.at.sea...Asia,0.472605041
Percent..YEAR.OF.ENTRY...Native...Entered.2010.or.later,0.470593075
Percent..ANCESTRY...Total.population...Dutch,0.447920875
Percent..GROSS.RENT.AS.A.PERCENTAGE.OF.HOUSEHOLD.INCOME..GRAPI....Occupied.units.paying.rent..excluding.units.where.GRAPI.cannot.be.computed....15.0.to.19.9.percent,0.445439319
Percent..UNITS.IN.STRUCTURE...Total.housing.units...5.to.9.units,0.430024492
Percent..YEAR.OF.ENTRY...Native,0.405690049
Percent..HEALTH.INSURANCE.COVERAGE...Civilian.noninstitutionalized.population.19.to.64.years...In.labor.force....Unemployed....With.health.insurance.coverage...With.public.coverage,0.36495179
Percent..RACE...Two.or.more.races...Black.or.African.American.and.American.Indian.and.Alaska.Native,0.362406731
Percent..ANCESTRY...Total.population...French.Canadian,0.362326288
Percent..SELECTED.MONTHLY.OWNER.COSTS.AS.A.PERCENTAGE.OF.HOUSEHOLD.INCOME..SMOCAPI....Housing.unit.without.a.mortgage..excluding.units.where.SMOCAPI.cannot.be.computed....30.0.to.34.9.percent,0.360190831
Percent..COMMUTING.TO.WORK...Workers.16.years.and.over...Worked.at.home,0.345945289
Percent..RACE...One.race...Native.Hawaiian.and.Other.Pacific.Islander...Other.Pacific.Islander,0.315583209
Percent..RACE...Two.or.more.races...White.and.American.Indian.and.Alaska.Native,0.287784225
Percent..INDUSTRY...Civilian.employed.population.16.years.and.over...Retail.trade,0.274756994
Percent..CLASS.OF.WORKER...Civilian.employed.population.16.years.and.over...Government.workers,0.272055379
Percent..LANGUAGE.SPOKEN.AT.HOME...Population.5.years.and.over...Other.languages...Speak.English.less.than..very.well.,0.259606282
Percent..GROSS.RENT.AS.A.PERCENTAGE.OF.HOUSEHOLD.INCOME..GRAPI....Occupied.units.paying.rent..excluding.units.where.GRAPI.cannot.be.computed....20.0.to.24.9.percent,0.193869919
Percent..BEDROOMS...Total.housing.units...4.bedrooms,0.192040035
Percent..HOUSEHOLDS.BY.TYPE...Total.households...Family.households..families....Female.householder..no.husband.present..family,0.146366972
Percent..WORLD.REGION.OF.BIRTH.OF.FOREIGN.BORN...Foreign.born.population..excluding.population.born.at.sea...Northern.America,0.108960652
Percent..SELECTED.CHARACTERISTICS...Occupied.housing.units...Lacking.complete.kitchen.facilities,0.083233371
Percent..RACE...One.race...American.Indian.and.Alaska.Native...Sioux.tribal.grouping,0.071688983
Percent..YEAR.HOUSEHOLDER.MOVED.INTO.UNIT...Occupied.housing.units...Moved.in.1990.to.1999,0.025548269
Percent..GROSS.RENT.AS.A.PERCENTAGE.OF.HOUSEHOLD.INCOME..GRAPI....Occupied.units.paying.rent..excluding.units.where.GRAPI.cannot.be.computed....Less.than.15.0.percent,0.012461429
Percent..ROOMS...Total.housing.units...6.rooms,-0.015023257
Percent..RACE...One.race...Native.Hawaiian.and.Other.Pacific.Islander...Guamanian.or.Chamorro,-0.038527123
Percent..RACE...One.race...Asian...Chinese,-0.111961774
Percent..U.S..CITIZENSHIP.STATUS...Foreign.born.population...Naturalized.U.S..citizen,-0.164140523
Percent..ROOMS...Total.housing.units...2.rooms,-0.265630936
Percent..RACE...One.race...American.Indian.and.Alaska.Native,-0.291370152
Percent..HISPANIC.OR.LATINO.AND.RACE...Total.population...Not.Hispanic.or.Latino...Native.Hawaiian.and.Other.Pacific.Islander.alone,-0.295286595
Percent..ANCESTRY...Total.population...Lithuanian,-0.355190879
Percent..ANCESTRY...Total.population...Ukrainian,-0.365342567
Percent..ANCESTRY...Total.population...Swiss,-0.367483556
Percent..HOUSE.HEATING.FUEL...Occupied.housing.units...Solar.energy,-0.371975221
Percent..RACE...One.race...Asian...Japanese,-0.373697281
Percent..GROSS.RENT...Occupied.units.paying.rent...Less.than..500,-0.384730465
Percent..RACE...One.race...Native.Hawaiian.and.Other.Pacific.Islander...Samoan,-0.395228567
Percent..CITIZEN..VOTING.AGE.POPULATION...Citizen..18.and.over.population...Female,-0.448139236
Percent..RACE...Race.alone.or.in.combination.with.one.or.more.other.races...Total.population...Native.Hawaiian.and.Other.Pacific.Islander,-0.467933011
Percent..INDUSTRY...Civilian.employed.population.16.years.and.over...Transportation.and.warehousing..and.utilities,-0.579203838
Percent..HISPANIC.OR.LATINO.AND.RACE...Total.population...Not.Hispanic.or.Latino...American.Indian.and.Alaska.Native.alone,-0.581786719
Percent..SELECTED.MONTHLY.OWNER.COSTS.AS.A.PERCENTAGE.OF.HOUSEHOLD.INCOME..SMOCAPI....Housing.unit.without.a.mortgage..excluding.units.where.SMOCAPI.cannot.be.computed....20.0.to.24.9.percent,-0.608800096
Percent..HOUSE.HEATING.FUEL...Occupied.housing.units...Utility.gas,-0.640598378
Percent..SELECTED.MONTHLY.OWNER.COSTS.AS.A.PERCENTAGE.OF.HOUSEHOLD.INCOME..SMOCAPI....Housing.units.with.a.mortgage..excluding.units.where.SMOCAPI.cannot.be.computed....25.0.to.29.9.percent,-0.756110679
Percent..COMMUTING.TO.WORK...Workers.16.years.and.over...Car..truck..or.van....carpooled,-0.792200779
Percent..GRANDPARENTS...Number.of.grandparents.responsible.for.own.grandchildren.under.18.years...Who.are.married,-0.830311072
Percent..GROSS.RENT.AS.A.PERCENTAGE.OF.HOUSEHOLD.INCOME..GRAPI....Occupied.units.paying.rent..excluding.units.where.GRAPI.cannot.be.computed....30.0.to.34.9.percent,-0.834861599
Percent..RACE...One.race...American.Indian.and.Alaska.Native...Cherokee.tribal.grouping,-0.862036097
Percent..INDUSTRY...Civilian.employed.population.16.years.and.over...Other.services..except.public.administration,-0.950301466
Percent..SELECTED.MONTHLY.OWNER.COSTS.AS.A.PERCENTAGE.OF.HOUSEHOLD.INCOME..SMOCAPI....Housing.unit.without.a.mortgage..excluding.units.where.SMOCAPI.cannot.be.computed....10.0.to.14.9.percent,-0.959906726
Percent..SELECTED.MONTHLY.OWNER.COSTS.AS.A.PERCENTAGE.OF.HOUSEHOLD.INCOME..SMOCAPI....Housing.unit.without.a.mortgage..excluding.units.where.SMOCAPI.cannot.be.computed....25.0.to.29.9.percent,-1.046025595
Percent..INDUSTRY...Civilian.employed.population.16.years.and.over...Finance.and.insurance..and.real.estate.and.rental.and.leasing,-1.237193161
Percent..YEAR.STRUCTURE.BUILT...Total.housing.units...Built.2010.to.2013,-1.246233588
Percent..YEAR.HOUSEHOLDER.MOVED.INTO.UNIT...Occupied.housing.units...Moved.in.2015.or.later,-1.314910642
Percent..CLASS.OF.WORKER...Civilian.employed.population.16.years.and.over...Self.employed.in.own.not.incorporated.business.workers,-1.333565209
Percent..UNITS.IN.STRUCTURE...Total.housing.units...Boat..RV..van..etc.,-1.338510057
Percent..GROSS.RENT.AS.A.PERCENTAGE.OF.HOUSEHOLD.INCOME..GRAPI....Occupied.units.paying.rent..excluding.units.where.GRAPI.cannot.be.computed....25.0.to.29.9.percent,-1.428430516
Percent..ANCESTRY...Total.population...Norwegian,-2.41419592
Percent..WORLD.REGION.OF.BIRTH.OF.FOREIGN.BORN...Foreign.born.population..excluding.population.born.at.sea...Oceania,-2.41626765
Percent..ANCESTRY...Total.population...Czech,-2.799266365
Percent..ANCESTRY...Total.population...Greek,-2.944783501
